date,total_consumption_kwh,solar_generation_kwh,wind_generation_kwh,grid_consumption_kwh,carbon_emissions_kg,cost_inr,renewable_percentage
2025-04-02,12939.6,463.59,513.74,11962.28,9809.07,91183.06,7.55
2025-04-03,13726.36,424.83,724.09,12577.44,10313.5,96054.15,8.37
2025-04-04,13182.5,498.33,756.04,11928.13,9781.07,91342.54,9.52
2025-04-05,10589.72,417.72,512.98,9659.01,7920.39,73838.65,8.79
2025-04-06,10853.53,427.04,501.31,9925.18,8138.65,75831.39,8.55
2025-04-07,14061.44,446.65,536.77,13078.02,10723.97,99560.26,6.99
2025-04-08,14065.76,460.87,512.69,13092.2,10735.6,99651.82,6.92
2025-04-09,13901.92,466.34,758.23,12677.35,10395.43,96917.0,8.81
2025-04-10,13147.78,495.33,646.33,12006.12,9845.02,91758.36,8.68
2025-04-11,13363.59,457.51,490.5,12415.58,10180.78,94538.87,7.09
2025-04-12,10298.4,471.58,756.58,9070.24,7437.6,69869.04,11.93
2025-04-13,10227.43,501.69,647.98,9077.76,7443.76,69807.69,11.24
2025-04-14,12561.81,546.69,766.03,11249.09,9224.25,86337.25,10.45
2025-04-15,12921.62,494.4,834.38,11592.85,9506.13,88939.51,10.28
2025-04-16,12892.13,482.29,738.38,11671.47,9570.6,89366.99,9.47
2025-04-17,12513.5,454.75,822.8,11235.95,9213.48,86185.95,10.21
2025-04-18,12173.61,515.94,634.45,11023.22,9039.04,84399.74,9.45
2025-04-19,9422.82,516.24,897.98,8008.61,6567.06,62185.88,15.01
2025-04-20,9611.4,485.99,742.83,8382.59,6873.72,64712.63,12.78
2025-04-21,12792.41,480.76,514.7,11796.95,9673.5,89970.3,7.78
2025-04-22,12722.85,522.88,661.62,11538.35,9461.45,88314.39,9.31
2025-04-23,13148.74,568.82,538.03,12041.89,9874.35,91974.43,8.42
2025-04-24,14334.85,549.59,491.9,13293.37,10900.56,101262.48,7.27
2025-04-25,14548.0,519.97,654.56,13373.47,10966.24,102062.81,8.07
2025-04-26,10262.13,574.98,661.82,9025.33,7400.77,69545.17,12.05
2025-04-27,10111.06,502.76,750.0,8858.29,7263.8,68316.35,12.39
2025-04-28,13570.92,510.6,651.32,12409.0,10175.38,94810.35,8.56
2025-04-29,14232.94,531.85,553.31,13147.78,10781.18,100236.1,7.62
2025-04-30,14095.67,519.31,680.19,12896.17,10574.86,98520.51,8.51
2025-05-01,14042.74,610.49,448.65,12983.6,10646.56,98965.75,7.54
2025-05-02,12971.81,526.08,793.81,11651.92,9554.57,89369.21,10.18
2025-05-03,10221.35,541.66,672.04,9007.65,7386.28,69377.95,11.87
2025-05-04,9939.26,545.3,469.23,8924.73,7318.28,68457.28,10.21
2025-05-05,12061.22,572.23,744.0,10744.99,8810.89,82561.79,10.91
2025-05-06,13117.95,539.08,456.19,12122.68,9940.6,92413.02,7.59
2025-05-07,12492.02,628.65,609.66,11253.71,9228.04,86260.29,9.91
2025-05-08,12693.27,607.97,394.23,11691.07,9586.67,89186.29,7.9
2025-05-09,12777.64,665.44,382.39,11729.81,9618.44,89545.3,8.2
2025-05-10,9758.58,576.48,554.78,8627.32,7074.4,66401.8,11.59
2025-05-11,9971.7,618.42,672.11,8681.17,7118.56,67044.6,12.94
2025-05-12,13272.18,614.22,328.69,12329.26,10110.0,93883.86,7.1
2025-05-13,14024.69,583.12,644.79,12796.77,10493.35,97817.63,8.76
2025-05-14,13483.15,552.69,374.77,12555.69,10295.66,95558.84,6.88
2025-05-15,14609.13,599.16,351.91,13658.07,11199.61,103862.09,6.51
2025-05-16,13461.06,601.72,319.9,12539.44,10282.34,95428.2,6.85
2025-05-17,10502.2,592.03,509.97,9400.2,7708.16,72154.48,10.49
2025-05-18,10057.77,626.38,539.8,8891.59,7291.1,68436.2,11.59
2025-05-19,13168.69,625.94,421.02,12121.73,9939.82,92483.45,7.95
2025-05-20,13233.53,659.37,535.8,12038.36,9871.46,92080.48,9.03
2025-05-21,13546.65,599.29,416.04,12531.32,10275.68,95507.88,7.5
2025-05-22,12768.46,658.37,488.53,11621.56,9529.68,88882.04,8.98
2025-05-23,12724.01,698.28,345.01,11680.72,9578.19,89170.32,8.2
2025-05-24,10034.63,604.31,620.88,8809.44,7223.74,67908.6,12.21
2025-05-25,9366.33,718.6,346.44,8301.29,6807.06,63857.23,11.37
2025-05-26,12444.43,644.25,719.99,11080.2,9085.76,85147.85,10.96
2025-05-27,13232.34,626.38,581.42,12024.54,9860.12,91995.73,9.13
2025-05-28,12750.43,624.82,403.99,11721.63,9611.74,89455.43,8.07
2025-05-29,13479.55,673.7,395.25,12410.6,10176.69,94682.93,7.93
2025-05-30,12669.56,649.64,557.91,11462.01,9398.85,87776.38,9.53
2025-05-31,9780.13,682.06,429.21,8668.85,7108.46,66683.3,11.36
2025-06-01,4257.49,626.83,727.94,2902.72,2380.23,23802.58,31.82
2025-06-02,5687.06,736.84,521.6,4428.61,3631.46,35102.26,22.13
2025-06-03,5918.99,668.58,670.27,4580.15,3755.72,36359.38,22.62
2025-06-04,6187.2,671.66,498.57,5016.97,4113.92,39382.62,18.91
2025-06-05,6108.64,661.16,667.59,4779.89,3919.51,37842.33,21.75
2025-06-06,5745.42,732.29,626.87,4386.26,3596.73,34935.69,23.66
2025-06-07,4288.63,741.07,609.78,2937.78,2408.98,24059.64,31.5
2025-06-08,4287.0,697.85,637.33,2951.83,2420.5,24141.48,31.14
2025-06-09,5561.81,799.17,715.64,4047.01,3318.55,32624.79,27.24
2025-06-10,5478.23,781.79,586.87,4109.58,3369.86,32874.85,24.98
2025-06-11,5665.13,697.17,759.06,4208.89,3451.29,33751.05,25.71
2025-06-12,5648.84,746.08,569.27,4333.49,3553.46,34474.21,23.29
2025-06-13,5323.52,722.3,537.37,4063.85,3332.36,32368.4,23.66
2025-06-14,3995.04,776.2,817.38,2401.46,1969.2,20401.34,39.89
2025-06-15,3982.2,705.32,822.93,2453.95,2012.24,20697.03,38.38
2025-06-16,5627.14,738.68,504.56,4383.9,3594.8,34744.11,22.09
2025-06-17,5566.15,805.63,504.0,4256.52,3490.35,33888.34,23.53
2025-06-18,5580.56,776.81,650.3,4153.45,3405.83,33291.56,25.57
2025-06-19,5753.86,753.68,770.56,4229.62,3468.29,34008.48,26.49
2025-06-20,5717.72,726.91,742.49,4248.31,3483.62,34066.44,25.7
2025-06-21,4454.17,855.51,650.98,2947.68,2417.09,24367.31,33.82
2025-06-22,4221.34,862.42,746.51,2612.41,2142.17,22006.45,38.11
2025-06-23,6215.08,713.25,630.89,4870.95,3994.18,38548.32,21.63
2025-06-24,5769.86,844.76,842.35,4082.74,3347.85,33151.24,29.24
2025-06-25,6000.44,735.17,536.31,4728.97,3877.75,37374.45,21.19
2025-06-26,6032.8,795.38,757.76,4479.66,3673.32,35927.13,25.74
2025-06-27,5816.77,780.98,481.98,4553.8,3734.12,36047.98,21.71
2025-06-28,4444.33,788.65,834.2,2821.48,2313.61,23595.37,36.52
2025-06-29,4391.82,788.25,563.93,3039.64,2492.51,24825.58,30.79
2025-06-30,5909.3,723.33,580.87,4605.1,3776.18,36494.56,22.07
2025-07-01,5834.24,589.67,654.3,4590.27,3764.02,36292.99,21.32
2025-07-02,5342.02,615.43,513.59,4213.0,3454.66,33291.03,21.13
2025-07-03,5306.54,536.39,485.55,4284.6,3513.37,33667.43,19.26
2025-07-04,5652.85,591.78,667.58,4393.5,3602.67,34840.28,22.28
2025-07-05,4234.98,546.67,404.84,3283.46,2692.44,26053.22,22.47
2025-07-06,4108.85,585.34,583.55,2939.96,2410.77,23803.03,28.45
2025-07-07,5236.15,581.21,497.59,4157.35,3409.03,32798.32,20.6
2025-07-08,5424.73,553.6,505.84,4365.3,3579.54,34328.88,19.53
2025-07-09,5555.9,567.64,754.85,4233.41,3471.39,33734.3,23.8
2025-07-10,5981.87,605.53,746.67,4629.67,3796.33,36750.82,22.6
2025-07-11,6111.53,579.34,523.67,5008.52,4106.99,39218.42,18.05
2025-07-12,4631.6,615.85,422.66,3593.09,2946.33,28505.93,22.42
2025-07-13,4556.86,564.66,465.76,3526.45,2891.68,27993.97,22.61
2025-07-14,5831.6,572.61,325.09,4933.9,4045.8,38350.81,15.39
2025-07-15,6225.62,582.19,351.77,5291.66,4339.16,41088.4,15.0
2025-07-16,5723.21,620.3,709.2,4393.71,3602.84,34947.09,23.23
2025-07-17,5705.14,560.75,483.04,4661.35,3822.31,36525.82,18.3
2025-07-18,5875.8,590.09,425.35,4860.36,3985.5,37975.89,17.28
2025-07-19,4278.87,595.52,668.04,3015.3,2472.55,24510.11,29.53
2025-07-20,4045.86,587.21,623.88,2834.77,2324.51,23077.43,29.93
2025-07-21,5748.76,572.74,689.51,4486.51,3678.94,35542.21,21.96
2025-07-22,5592.38,597.86,482.96,4511.56,3699.48,35457.94,19.33
2025-07-23,5320.94,583.33,418.55,4319.06,3541.63,33895.8,18.83
2025-07-24,5446.25,681.38,450.01,4314.86,3538.19,34058.57,20.77
2025-07-25,5322.5,633.65,565.89,4122.96,3380.83,32721.54,22.54
2025-07-26,4179.69,616.35,547.0,3016.34,2473.4,24367.57,27.83
2025-07-27,4074.99,674.82,383.59,3016.58,2473.59,24211.93,25.97
2025-07-28,5437.31,636.07,679.57,4121.67,3379.77,32886.01,24.2
2025-07-29,5705.77,716.71,371.96,4617.11,3786.03,36261.3,19.08
2025-07-30,5736.36,640.63,578.27,4517.46,3704.32,35709.31,21.25
2025-07-31,6030.85,704.91,614.42,4711.51,3863.44,37315.35,21.88
2025-08-01,14014.93,723.7,508.51,12782.73,10481.84,97718.76,8.79
2025-08-02,10803.07,722.77,560.79,9519.5,7805.99,73321.62,11.88
2025-08-03,10737.98,645.57,437.23,9655.19,7917.26,74038.11,10.08
2025-08-04,14104.0,621.58,566.48,12915.94,10591.07,98651.67,8.42
2025-08-05,14419.08,607.8,405.54,13405.75,10992.71,102063.11,7.03
2025-08-06,13904.53,646.97,570.54,12687.02,10403.36,96978.94,8.76
2025-08-07,13441.32,613.03,414.75,12413.54,10179.1,94643.21,7.65
2025-08-08,13885.44,635.37,593.58,12656.49,10378.32,96767.09,8.85
2025-08-09,10313.94,730.14,475.92,9107.88,7468.46,70118.18,11.69
2025-08-10,9704.13,718.5,721.37,8264.26,6776.69,64141.77,14.84
2025-08-11,13093.77,679.9,521.24,11892.64,9751.96,90996.48,9.17
2025-08-12,12603.78,711.87,702.64,11189.26,9175.19,86041.23,11.22
2025-08-13,12059.86,625.15,853.06,10581.65,8676.96,81579.72,12.26
2025-08-14,12184.62,663.15,781.09,10740.38,8807.11,82719.22,11.85
2025-08-15,12600.45,648.34,667.27,11284.84,9253.57,86609.7,10.44
2025-08-16,9715.43,693.21,853.49,8168.73,6698.36,63585.53,15.92
2025-08-17,9583.26,728.61,535.51,8319.13,6821.69,64289.7,13.19
2025-08-18,13133.72,744.05,584.3,11805.37,9680.4,90532.8,10.11
2025-08-19,13618.12,654.46,538.28,12425.38,10188.81,94979.47,8.76
2025-08-20,13729.2,739.59,544.41,12445.21,10205.07,95265.05,9.35
2025-08-21,14436.78,671.18,547.92,13217.68,10838.5,100961.28,8.44
2025-08-22,13547.1,664.88,536.07,12346.14,10123.84,94397.5,8.87
2025-08-23,10812.69,719.69,654.08,9438.92,7739.91,72852.55,12.71
2025-08-24,10947.54,702.51,563.35,9681.68,7938.98,74511.39,11.56
2025-08-25,13554.22,683.96,692.99,12177.28,9985.37,93395.02,10.16
2025-08-26,13424.88,731.51,757.2,11936.17,9787.66,91754.37,11.09
2025-08-27,13887.31,765.92,566.81,12554.58,10294.76,96158.47,9.6
2025-08-28,12782.5,741.51,558.39,11482.6,9415.74,88069.39,10.17
2025-08-29,12531.6,741.85,603.01,11186.74,9173.13,85917.84,10.73
2025-08-30,9906.02,709.68,856.52,8339.82,6838.65,64897.92,15.81
2025-08-31,9790.06,670.05,660.67,8459.34,6936.66,65441.14,13.59
2025-09-01,12707.72,1111.85,647.76,10948.12,8977.45,84750.27,13.85
2025-09-02,12579.48,1038.26,548.26,10992.97,9014.23,84827.02,12.61
2025-09-03,13206.52,1030.18,455.68,11720.66,9610.94,90133.75,11.25
2025-09-04,12326.39,1163.32,655.3,10507.77,8616.37,81536.18,14.75
2025-09-05,13274.09,1156.03,740.07,11377.99,9329.95,88179.07,14.28
2025-09-06,9887.04,1007.94,460.09,8419.01,6903.59,65344.65,14.85
2025-09-07,10076.81,1057.57,614.03,8405.21,6892.27,65546.49,16.59
2025-09-08,13552.02,1118.79,393.76,12039.47,9872.36,92564.83,11.16
2025-09-09,13103.4,1152.07,448.46,11502.87,9432.35,88672.31,12.21
2025-09-10,14103.62,1113.46,754.51,12235.66,10033.24,94569.38,13.24
2025-09-11,14448.15,1084.75,599.32,12764.08,10466.55,98256.71,11.66
2025-09-12,13462.34,1082.12,637.75,11742.46,9628.82,90648.29,12.78
2025-09-13,10588.29,1110.36,406.8,9071.13,7438.33,70309.21,14.33
2025-09-14,10687.07,1061.88,657.01,8968.18,7353.9,69839.66,16.08
2025-09-15,13812.86,1090.56,338.41,12383.89,10154.79,95022.64,10.35
2025-09-16,13094.36,1223.73,643.48,11227.15,9206.26,87004.44,14.26
2025-09-17,13331.88,1121.94,570.1,11639.84,9544.67,89836.85,12.69
2025-09-18,12974.1,1170.83,430.05,11373.22,9326.04,87700.46,12.34
2025-09-19,13265.95,1189.59,435.85,11640.51,9545.22,89741.99,12.25
2025-09-20,14259.26,1139.34,371.45,12748.48,10453.75,97879.75,10.6
2025-09-21,13138.51,1197.46,646.36,11294.69,9261.65,87475.92,14.03
2025-09-22,18838.93,1190.45,356.57,17291.91,14179.37,132009.85,8.21
2025-09-23,17619.48,1114.93,642.7,15861.84,13006.71,121600.28,9.98
2025-09-24,19401.85,1092.15,607.28,17702.42,14515.99,135317.32,8.76
2025-09-25,18939.3,1041.82,522.28,17375.2,14247.66,132660.14,8.26
2025-09-26,13578.28,1108.8,667.69,11801.8,9677.48,91178.23,13.08
2025-09-27,9782.86,1060.7,377.26,8344.9,6842.82,64743.71,14.7
2025-09-28,10550.97,1153.36,637.46,8760.15,7183.32,68387.34,16.97
2025-09-29,13833.46,1173.91,647.67,12011.89,9849.75,92821.51,13.17
2025-09-30,13815.61,1262.45,372.13,12181.03,9988.44,93809.58,11.83
2025-10-01,10130.02,1240.54,699.16,8190.33,6716.07,64336.99,19.15
2025-10-02,9718.05,1218.74,521.07,7978.24,6542.16,62446.54,17.9
2025-10-03,9827.1,1090.74,410.24,8326.12,6827.42,64697.37,15.27
2025-10-04,7635.8,1265.81,518.69,5851.31,4798.07,46561.54,23.37
2025-10-05,7529.12,1091.2,625.21,5812.71,4766.42,46169.92,22.8
2025-10-06,9920.12,1298.27,534.21,8087.64,6631.86,63405.98,18.47
2025-10-07,9640.08,1191.87,731.1,7717.1,6328.02,60762.72,19.95
2025-10-08,9288.41,1286.99,436.47,7564.95,6203.26,59322.34,18.55
2025-10-09,9216.9,1233.13,658.98,7324.8,6006.33,57774.15,20.53
2025-10-10,9223.13,1337.23,739.06,7146.84,5860.41,56715.74,22.51
2025-10-11,6563.14,1316.5,483.16,4763.48,3906.05,38425.58,27.42
2025-10-12,6840.35,1336.41,483.99,5019.95,4116.36,40380.24,26.61
2025-10-13,9383.74,1317.7,653.82,7412.22,6078.02,58548.93,21.01
2025-10-14,8991.41,1213.7,848.02,6929.7,5682.35,55065.29,22.93
2025-10-15,9022.6,1265.8,501.49,7255.3,5949.35,57065.72,19.59
2025-10-16,9186.88,1320.87,596.2,7269.81,5961.24,57399.18,20.87
2025-10-17,10078.69,1252.13,687.98,8138.58,6673.64,63949.52,19.25
2025-10-18,6979.69,1383.37,556.46,5039.87,4132.69,40708.75,27.79
2025-10-19,7438.19,1230.79,657.53,5549.87,4550.9,44456.52,25.39
2025-10-20,10105.23,1309.58,556.63,8239.03,6756.0,64592.0,18.47
2025-10-21,9998.31,1349.96,674.9,7973.46,6538.24,62838.22,20.25
2025-10-22,9651.13,1219.35,584.23,7847.56,6435.0,61562.05,18.69
2025-10-23,9550.89,1241.48,716.35,7593.05,6226.3,59884.66,20.5
2025-10-24,9397.61,1309.79,896.89,7190.93,5896.56,57241.99,23.48
2025-10-25,7596.98,1378.25,604.93,5613.81,4603.33,45078.35,26.1
2025-10-26,6802.52,1383.84,518.4,4900.27,4018.22,39605.42,27.96
2025-10-27,9091.57,1305.17,564.23,7222.17,5922.18,56970.35,20.56
2025-10-28,9530.89,1376.3,791.02,7363.57,6038.13,58477.77,22.74
2025-10-29,9394.51,1219.49,775.22,7399.79,6067.83,58490.51,21.23
2025-10-30,8899.09,1352.92,526.59,7019.58,5756.06,55466.12,21.12
2025-10-31,9185.23,1445.89,488.56,7250.79,5945.65,57282.57,21.06
2025-11-01,6490.87,842.01,635.97,5012.9,4110.58,39813.71,22.77
2025-11-02,6674.7,984.55,645.25,5044.9,4136.82,40281.49,24.42
2025-11-03,9185.69,969.12,591.95,7624.63,6252.19,59526.31,16.99
2025-11-04,9203.13,980.31,750.14,7472.68,6127.6,58640.77,18.8
2025-11-05,9035.46,856.56,513.94,7664.96,6285.26,59542.93,15.17
2025-11-06,9510.09,889.79,686.41,7933.89,6505.79,61868.5,16.57
2025-11-07,10116.04,871.83,634.29,8609.92,7060.14,66833.59,14.89
2025-11-08,7331.53,939.91,647.42,5744.21,4710.25,45462.52,21.65
2025-11-09,7777.37,877.15,423.94,6476.27,5310.54,50523.7,16.73
2025-11-10,10127.16,922.15,444.43,8760.58,7183.67,67754.19,13.49
2025-11-11,9590.63,959.6,489.79,8141.23,6675.81,63233.34,15.11
2025-11-12,10389.84,930.17,445.16,9014.51,7391.9,69671.82,13.24
2025-11-13,9908.61,898.72,548.92,8460.97,6938.0,65628.73,14.61
2025-11-14,9622.4,945.85,661.24,8015.31,6572.55,62525.44,16.7
2025-11-15,6909.84,1044.67,651.44,5213.73,4275.26,41647.16,24.55
2025-11-16,6877.99,893.14,439.46,5545.38,4547.21,43589.24,19.37
2025-11-17,9034.44,976.41,339.67,7718.35,6329.05,59861.78,14.57
2025-11-18,9457.8,880.81,427.09,8149.91,6682.92,63086.15,13.83
2025-11-19,8664.57,917.44,645.55,7101.58,5823.3,55606.36,18.04
2025-11-20,9104.51,913.78,655.18,7535.55,6179.15,58870.03,17.23
2025-11-21,9306.7,1030.54,642.46,7633.69,6259.62,59762.17,17.98
2025-11-22,6918.75,978.7,450.88,5489.17,4501.12,43313.13,20.66
2025-11-23,6735.28,993.74,655.99,5085.54,4170.15,40616.17,24.49
2025-11-24,9469.81,1075.82,442.84,7951.15,6519.94,61911.63,16.04
2025-11-25,9725.86,1019.5,569.12,8137.23,6672.53,63412.17,16.33
2025-11-26,9834.37,928.51,360.26,8545.6,7007.39,66025.15,13.1
2025-11-27,10298.76,892.27,492.75,8913.73,7309.26,68930.54,13.45
2025-11-28,9855.51,964.44,622.24,8268.84,6780.45,64396.3,16.1
2025-11-29,7674.97,1088.13,472.32,6114.52,5013.9,48199.55,20.33
2025-11-30,7546.21,1088.34,717.21,5740.65,4707.34,45763.23,23.93
2025-12-01,8860.32,1052.5,383.31,7424.5,6088.09,57837.48,16.21
2025-12-02,7989.41,1079.5,669.49,6240.42,5117.15,49426.64,21.89
2025-12-03,8488.17,960.2,596.79,6931.18,5683.57,54319.32,18.34
2025-12-04,8007.81,1001.31,502.18,6504.32,5333.54,51037.65,18.78
2025-12-05,8354.89,955.27,589.11,6810.51,5584.62,53395.4,18.48
2025-12-06,5837.87,1054.97,593.16,4189.74,3435.58,33895.22,28.23
2025-12-07,6084.23,930.53,465.19,4688.5,3844.57,37257.35,22.94
2025-12-08,7905.67,993.9,453.08,6458.69,5296.13,50610.65,18.3
2025-12-09,7658.98,1061.29,414.66,6183.03,5070.09,48586.67,19.27
2025-12-10,7494.91,1100.2,614.82,5779.89,4739.51,45921.67,22.88
2025-12-11,7337.17,982.24,672.3,5682.62,4659.75,45101.5,22.55
2025-12-12,7539.5,1110.4,697.04,5732.06,4700.29,45701.63,23.97
2025-12-13,5894.63,1133.79,592.63,4168.21,3417.93,33851.21,29.29
2025-12-14,5848.59,1078.09,674.36,4096.14,3358.83,33349.72,29.96
2025-12-15,8010.92,1007.34,613.02,6390.56,5240.26,50359.76,20.23
2025-12-16,8100.05,1095.32,722.43,6282.3,5151.49,49843.89,22.44
2025-12-17,8331.03,1025.45,615.44,6690.15,5485.92,52637.44,19.7
2025-12-18,8274.62,955.24,583.54,6735.84,5523.39,52826.98,18.6
2025-12-19,8344.43,1066.11,791.85,6486.47,5318.91,51435.49,22.27
2025-12-20,6302.99,1162.31,818.53,4322.15,3544.16,35387.4,31.43
2025-12-21,6642.22,1149.27,738.66,4754.29,3898.52,38489.08,28.42
2025-12-22,8445.99,975.89,784.39,6685.71,5482.29,52783.27,20.84
2025-12-23,8334.12,1067.92,775.25,6490.95,5322.58,51446.89,22.12
2025-12-24,8076.06,1074.78,658.81,6342.47,5200.83,50168.92,21.47
2025-12-25,8160.5,1161.66,836.34,6162.5,5053.25,49215.75,24.48
2025-12-26,8085.98,958.65,864.29,6263.04,5135.69,49707.22,22.54
2025-12-27,5686.7,1170.52,576.86,3939.31,3230.24,32165.91,30.73
2025-12-28,5728.69,1140.33,751.75,3836.61,3146.02,31612.73,33.03
2025-12-29,7587.31,1126.29,711.82,5749.21,4714.35,45876.2,24.23
2025-12-30,7489.42,1121.44,569.63,5798.35,4754.65,46024.25,22.58
2025-12-31,7862.04,968.71,702.24,6191.09,5076.69,48939.57,21.25
2026-01-01,7722.92,1491.46,682.99,5548.47,4549.75,44875.2,28.16
2026-01-02,8030.42,1725.45,803.15,5501.82,4511.49,45056.55,31.49
2026-01-03,6166.12,1560.47,619.3,3986.35,3268.81,33167.28,35.35
2026-01-04,5848.89,1522.63,793.68,3532.58,2896.72,29968.81,39.6
2026-01-05,8208.19,1562.45,554.41,6091.33,4994.89,48860.28,25.79
2026-01-06,8215.12,1426.12,682.09,6106.91,5007.67,48964.16,25.66
2026-01-07,8428.25,1621.3,645.85,6161.1,5052.1,49608.98,26.9
2026-01-08,8753.58,1676.63,725.93,6351.02,5207.83,51236.47,27.45
2026-01-09,8483.55,1540.4,780.8,6162.35,5053.13,49699.43,27.36
2026-01-10,6039.02,1472.93,565.27,4000.81,3280.67,33063.42,33.75
2026-01-11,6323.01,1425.32,675.2,4222.5,3462.45,34819.48,33.22
2026-01-12,8265.73,1598.8,547.02,6119.91,5018.33,49118.09,25.96
2026-01-13,8100.69,1487.42,411.49,6201.78,5085.46,49361.72,23.44
2026-01-14,7784.13,1687.42,594.02,5502.69,4512.21,44692.37,29.31
2026-01-15,7814.73,1642.09,573.52,5599.11,4591.27,45316.78,28.35
2026-01-16,7584.57,1475.49,700.15,5408.92,4435.32,43830.39,28.69
2026-01-17,5811.2,1695.89,519.24,3596.07,2948.78,30293.24,38.12
2026-01-18,5884.66,1659.13,348.02,3877.51,3179.56,32092.02,34.11
2026-01-19,7970.38,1562.05,375.25,6033.07,4947.12,48154.01,24.31
2026-01-20,7414.31,1716.82,596.08,5101.41,4183.15,41729.9,31.2
2026-01-21,7985.73,1792.28,449.32,5744.13,4710.19,46443.38,28.07
2026-01-22,7998.52,1688.43,697.69,5612.4,4602.17,45672.19,29.83
2026-01-23,7931.7,1816.0,362.48,5753.22,4717.64,46416.85,27.47
2026-01-24,6324.69,1701.66,627.81,3995.22,3276.08,33458.35,36.83
2026-01-25,5956.23,1501.57,327.98,4126.68,3383.88,33694.45,30.72
2026-01-26,8505.14,1698.94,662.59,6143.61,5037.76,49619.37,27.77
2026-01-27,8456.29,1505.18,385.01,6566.11,5384.21,52081.09,22.35
2026-01-28,8081.52,1771.68,629.47,5680.36,4657.9,46204.46,29.71
2026-01-29,8894.69,1640.45,313.95,6940.28,5691.03,54983.72,21.97
2026-01-30,8182.95,1709.86,694.95,5778.15,4738.08,46943.31,29.39
2026-01-31,5982.41,1539.82,595.71,3846.88,3154.44,32054.9,35.7
2026-02-01,7340.54,1591.81,645.95,5102.78,4184.28,41627.46,30.48
2026-02-02,9117.1,1849.12,407.58,6860.4,5625.53,54838.03,24.75
2026-02-03,8924.0,1632.96,409.5,6881.53,5642.86,54675.18,22.89
2026-02-04,9202.69,1767.88,538.6,6896.22,5654.9,55181.35,25.06
2026-02-05,9220.14,1650.38,361.83,7207.93,5910.5,57077.79,21.82
2026-02-06,9440.94,1826.56,388.96,7225.42,5924.84,57513.9,23.47
2026-02-07,6717.02,1760.84,445.17,4511.01,3699.03,37141.6,32.84
2026-02-08,6832.9,1726.41,461.88,4644.61,3808.58,38117.0,32.03
2026-02-09,8797.17,1816.5,517.47,6463.2,5299.83,51974.97,26.53
2026-02-10,13515.2,1812.71,692.83,11009.66,9027.92,86330.75,18.54
2026-02-11,13776.74,1868.63,683.7,11224.41,9204.01,88011.55,18.53
2026-02-12,14108.33,1701.93,708.99,11697.41,9591.88,91346.95,17.09
2026-02-13,14138.96,1721.81,689.45,11727.7,9616.71,91574.64,17.05
2026-02-14,11111.72,1779.74,655.96,8676.02,7114.34,68723.72,21.92
2026-02-15,10842.36,1707.19,659.33,8475.84,6950.19,67118.57,21.83
2026-02-16,10270.72,1805.71,625.78,7839.23,6428.17,62441.45,23.67
2026-02-17,10470.15,1597.52,545.92,8326.71,6827.9,65665.46,20.47
2026-02-18,9793.18,1648.3,720.79,7424.09,6087.75,59234.28,24.19
2026-02-19,9406.83,1632.12,594.67,7180.03,5887.63,57190.43,23.67
2026-02-20,9912.84,1909.39,802.67,7200.78,5904.64,58073.91,27.36
2026-02-21,6959.68,1791.92,500.4,4667.37,3827.24,38443.73,32.94
2026-02-22,6935.36,1890.67,675.28,4369.4,3582.91,36619.45,37.0
2026-02-23,8949.97,1750.12,575.13,6624.72,5432.27,53173.29,25.98
2026-02-24,9048.53,1773.59,638.09,6636.85,5442.22,53393.91,26.65
2026-02-25,9448.98,1807.22,836.78,6804.98,5580.09,55003.37,27.98
2026-02-26,9240.25,1850.48,698.75,6691.02,5486.64,54006.5,27.59
2026-02-27,8558.86,1835.7,641.74,6081.42,4986.76,49326.79,28.95
2026-02-28,6534.28,1772.52,791.96,3969.81,3255.24,33620.27,39.25
2026-03-01,7182.77,1748.33,712.22,4722.21,3872.22,39107.43,34.26
2026-03-02,9611.02,1736.2,548.48,7326.34,6007.6,58374.57,23.77
2026-03-03,9231.2,1967.0,550.87,6713.33,5504.93,54126.8,27.28
2026-03-04,9431.65,1796.57,820.62,6814.45,5587.85,55034.2,27.75
2026-03-05,10170.91,1784.93,848.4,7537.58,6180.82,60481.86,25.89
2026-03-06,9534.59,1680.2,848.41,7005.98,5744.9,56337.73,26.52
2026-03-07,7474.15,1695.71,656.31,5122.13,4200.15,41944.0,31.47
2026-03-08,7710.3,1959.73,798.5,4952.07,4060.7,41277.87,35.77
2026-03-09,10058.11,1980.36,648.18,7429.56,6092.24,59664.55,26.13
2026-03-10,10037.15,1940.61,605.17,7491.38,6142.93,60004.0,25.36
2026-03-11,9410.56,1777.91,675.05,6957.6,5705.24,55861.47,26.07
2026-03-12,9397.15,1699.18,532.92,7165.05,5875.34,57086.04,23.75
2026-03-13,9095.08,1947.18,509.23,6638.67,5443.71,53474.65,27.01
2026-03-14,6773.12,1933.22,732.92,4106.97,3367.71,34801.49,39.36
2026-03-15,6595.16,1745.51,763.89,4085.75,3350.31,34407.23,38.05
2026-03-16,9012.49,2040.63,485.67,6486.19,5318.67,52435.84,28.03
2026-03-17,8780.93,1745.06,400.51,6635.36,5440.99,52983.55,24.43
2026-03-18,9357.77,2066.63,738.99,6552.16,5372.77,53349.6,29.98
2026-03-19,9333.81,2015.82,612.81,6705.18,5498.25,54231.82,28.16
2026-03-20,9376.72,1754.04,495.25,7127.44,5844.5,56829.72,23.99
2026-03-21,6987.13,2036.19,596.58,4354.36,3570.58,36606.86,37.68
2026-03-22,7230.52,1872.8,612.29,4745.44,3891.26,39318.4,34.37
2026-03-23,9935.02,1742.39,689.87,7502.77,6152.27,59919.13,24.48
2026-03-24,9658.99,1952.01,664.78,7042.2,5774.6,56741.69,27.09
2026-03-25,9692.69,1861.6,519.91,7311.18,5995.17,58406.14,24.57
2026-03-26,9420.49,1898.49,421.78,7100.22,5822.18,56732.05,24.63
2026-03-27,10398.64,1729.52,486.32,8182.8,6709.89,64694.73,21.31
2026-03-28,7835.53,2078.04,581.36,5176.13,4244.43,42810.11,33.94
2026-03-29,7550.12,1818.88,446.82,5284.41,4333.22,43031.67,30.01
2026-03-30,9501.31,2037.92,429.8,7033.58,5767.53,56453.43,25.97
2026-03-31,9960.48,1859.39,487.2,7613.89,6243.39,60624.07,23.56
2026-04-01,13591.46,2053.27,388.13,11150.06,9143.05,87287.53,17.96
